{"accessibilityPrompt":true,"alwaysOnTop":false,"arch":"arm64","asar":false,"blockExternalUrls":false,"bounce":false,"buildDate":1648270995793,"clearCache":false,"counter":false,"darwinDarkModeSupport":false,"disableContextMenu":false,"disableDevTools":false,"disableGpu":false,"disableOldBuildWarning":false,"electronVersionUsed":"16.1.0","enableEs3Apis":false,"fastQuit":false,"fullScreen":false,"height":800,"hideWindowFrame":false,"ignoreCertificate":false,"ignoreGpuBlacklist":false,"insecure":false,"isUpgrade":false,"maximize":false,"name":"BCS Author","nativefierVersion":"46.2.0","portable":false,"quiet":false,"showMenuBar":false,"singleInstance":false,"strictInternalUrls":false,"targetUrl":"https://author.borgcreative.com/app.html","tray":"false","userAgentHonest":false,"width":1280,"widevine":false,"win32metadata":{},"zoom":1,"oldBuildWarningText":""}